"A1","M2","JMS_MQTT","NULL","USR__TESTCASEID___1","GRP__TESTCASEID__*","NULL","JMS_MQTT","NULL","USR__TESTCASEID__*","GRP__TESTCASEID___1","ENDP__TESTCASEID___Topi*","NULL","NULL","NULL","NULL","NULL","NULL",
"All","M1","MQTT","CID__TESTCASEID__*","USR__TESTCASEID__*","NULL","M1","MQTT","CID__TESTCASEID__*","USR__TESTCASEID___1","GRP__TESTCASEID__*","ENDP__TESTCASEID___Topic","NULL","NULL","NULL","NULL","NULL","NULL",
"All","M1_M2","JMS","CID__TESTCASEID__*","NULL","GRP__TESTCASEID___1","M1_M2","JMS","NULL","NULL","NULL","ENDP__TESTCASEID___Topi*","NULL","NULL","NULL","NULL","NULL","NULL",
"A1","NULL","JMS_MQTT","NULL","USR__TESTCASEID___1","NULL","M2","JMS","CID__TESTCASEID__*","USR__TESTCASEID___1","NULL","ENDP__TESTCASEID___Topi*","NULL","NULL","NULL","NULL","NULL","NULL",
"All","NULL","JMS","CID__TESTCASEID__*","USR__TESTCASEID__*","GRP__TESTCASEID___1","M2","JMS_MQTT","NULL","USR__TESTCASEID__*","GRP__TESTCASEID__*","ENDP__TESTCASEID___Topic","NULL","NULL","NULL","NULL","NULL","NULL",
"All","NULL","MQTT","CID__TESTCASEID__*","NULL","NULL","NULL","MQTT","NULL","NULL","GRP__TESTCASEID___1","ENDP__TESTCASEID___Topic","NULL","NULL","NULL","NULL","NULL","NULL",
"A1","M1_M2","MQTT","NULL","USR__TESTCASEID___1","GRP__TESTCASEID__*","M2","MQTT","CID__TESTCASEID__*","NULL","GRP__TESTCASEID__*","ENDP__TESTCASEID___Topi*","NULL","NULL","NULL","NULL","NULL","NULL",
"A1","M1","JMS","NULL","NULL","GRP__TESTCASEID__*","M1","JMS","NULL","USR__TESTCASEID__*","GRP__TESTCASEID___1","ENDP__TESTCASEID___Topi*","NULL","NULL","NULL","NULL","NULL","NULL",
"A1","M2","MQTT","NULL","USR__TESTCASEID__*","GRP__TESTCASEID__*","M1_M2","MQTT","CID__TESTCASEID__*","USR__TESTCASEID___1","NULL","ENDP__TESTCASEID___Topic","NULL","NULL","NULL","NULL","NULL","NULL",
"All","M2","JMS","CID__TESTCASEID__*","NULL","GRP__TESTCASEID___1","NULL","JMS","CID__TESTCASEID__*","USR__TESTCASEID___1","GRP__TESTCASEID__*","ENDP__TESTCASEID___Topic","NULL","NULL","NULL","NULL","NULL","NULL",
"A1","M1","JMS_MQTT","NULL","USR__TESTCASEID___1","GRP__TESTCASEID___1","M1_M2","JMS_MQTT","NULL","USR__TESTCASEID___1","GRP__TESTCASEID___1","ENDP__TESTCASEID___Topi*","NULL","NULL","NULL","NULL","NULL","NULL",
"A1","M1_M2","JMS_MQTT","NULL","USR__TESTCASEID__*","NULL","M1_M2","JMS_MQTT","CID__TESTCASEID__*","USR__TESTCASEID__*","GRP__TESTCASEID__*","ENDP__TESTCASEID___Topic","NULL","NULL","NULL","NULL","NULL","NULL",
"A1","M1_M2","JMS_MQTT","NULL","USR__TESTCASEID___1","GRP__TESTCASEID___1","M1","JMS_MQTT","CID__TESTCASEID__*","USR__TESTCASEID___1","GRP__TESTCASEID___1","ENDP__TESTCASEID___Topic","NULL","NULL","NULL","NULL","NULL","NULL",
"All","M2","MQTT","CID__TESTCASEID__*","NULL","NULL","M2","MQTT","CID__TESTCASEID__*","USR__TESTCASEID__*","GRP__TESTCASEID___1","ENDP__TESTCASEID___Topic","NULL","NULL","NULL","NULL","NULL","NULL",
"All","M1","MQTT","CID__TESTCASEID__*","USR__TESTCASEID___1","GRP__TESTCASEID___1","NULL","MQTT","CID__TESTCASEID__*","USR__TESTCASEID__*","NULL","ENDP__TESTCASEID___Topic","NULL","NULL","NULL","NULL","NULL","NULL",
"A1","NULL","MQTT","NULL","USR__TESTCASEID__*","GRP__TESTCASEID__*","M1","JMS_MQTT","CID__TESTCASEID__*","NULL","NULL","ENDP__TESTCASEID___Topi*","NULL","NULL","NULL","NULL","NULL","NULL",
"A1","M1","JMS_MQTT","NULL","USR__TESTCASEID__*","GRP__TESTCASEID__*","NULL","JMS","NULL","NULL","GRP__TESTCASEID__*","ENDP__TESTCASEID___Topi*","NULL","NULL","NULL","NULL","NULL","NULL",
"All","M2","JMS","CID__TESTCASEID__*","USR__TESTCASEID___1","NULL","M1_M2","JMS","NULL","USR__TESTCASEID__*","GRP__TESTCASEID__*","ENDP__TESTCASEID___Topi*","NULL","NULL","NULL","NULL","NULL","NULL",
"A1","M1_M2","JMS","NULL","USR__TESTCASEID__*","GRP__TESTCASEID__*","NULL","JMS","CID__TESTCASEID__*","USR__TESTCASEID___1","NULL","ENDP__TESTCASEID___Topic","NULL","NULL","NULL","NULL","NULL","NULL",
"A1","M2","JMS_MQTT","NULL","USR__TESTCASEID__*","GRP__TESTCASEID___1","M2","JMS_MQTT","NULL","NULL","GRP__TESTCASEID__*","ENDP__TESTCASEID___Topi*","NULL","NULL","NULL","NULL","NULL","NULL",
"All","M1_M2","JMS","CID__TESTCASEID__*","NULL","GRP__TESTCASEID___1","M2","JMS","CID__TESTCASEID__*","USR__TESTCASEID___1","GRP__TESTCASEID___1","ENDP__TESTCASEID___Topi*","NULL","NULL","NULL","NULL","NULL","NULL",
"All","NULL","JMS_MQTT","CID__TESTCASEID__*","NULL","GRP__TESTCASEID__*","M1_M2","JMS","NULL","USR__TESTCASEID__*","GRP__TESTCASEID___1","ENDP__TESTCASEID___Topic","NULL","NULL","NULL","NULL","NULL","NULL",
"All","M1_M2","MQTT","CID__TESTCASEID__*","NULL","NULL","M1","MQTT","CID__TESTCASEID__*","USR__TESTCASEID__*","NULL","ENDP__TESTCASEID___Topic","NULL","NULL","NULL","NULL","NULL","NULL",
"All","NULL","MQTT","CID__TESTCASEID__*","USR__TESTCASEID___1","GRP__TESTCASEID___1","M1_M2","MQTT","NULL","NULL","GRP__TESTCASEID__*","ENDP__TESTCASEID___Topi*","NULL","NULL","NULL","NULL","NULL","NULL",
"A1","M1","MQTT","NULL","NULL","NULL","M1_M2","MQTT","CID__TESTCASEID__*","USR__TESTCASEID__*","NULL","ENDP__TESTCASEID___Topi*","NULL","NULL","NULL","NULL","NULL","NULL",
"A1","NULL","JMS","CID__TESTCASEID__*","USR__TESTCASEID___1","GRP__TESTCASEID___1","M1","JMS","CID__TESTCASEID__*","USR__TESTCASEID___1","GRP__TESTCASEID__*","ENDP__TESTCASEID___Topi*","NULL","NULL","NULL","NULL","NULL","NULL",
"A1","M1_M2","JMS_MQTT","CID__TESTCASEID__*","USR__TESTCASEID___1","NULL","NULL","JMS_MQTT","NULL","NULL","GRP__TESTCASEID__*","ENDP__TESTCASEID___Topi*","NULL","NULL","NULL","NULL","NULL","NULL",
"A1","M2","JMS","CID__TESTCASEID__*","USR__TESTCASEID___1","GRP__TESTCASEID__*","M2","JMS","NULL","USR__TESTCASEID___1","NULL","ENDP__TESTCASEID___Topi*","NULL","NULL","NULL","NULL","NULL","NULL",
"All","M1_M2","MQTT","NULL","USR__TESTCASEID___1","GRP__TESTCASEID__*","M1_M2","MQTT","NULL","USR__TESTCASEID___1","GRP__TESTCASEID___1","ENDP__TESTCASEID___Topi*","NULL","NULL","NULL","NULL","NULL","NULL",
"All","M1","JMS","CID__TESTCASEID__*","NULL","NULL","NULL","JMS_MQTT","CID__TESTCASEID__*","USR__TESTCASEID___1","GRP__TESTCASEID___1","ENDP__TESTCASEID___Topi*","NULL","NULL","NULL","NULL","NULL","NULL",
"All","NULL","JMS_MQTT","NULL","NULL","GRP__TESTCASEID___1","NULL","JMS_MQTT","CID__TESTCASEID__*","USR__TESTCASEID__*","NULL","ENDP__TESTCASEID___Topic","NULL","NULL","NULL","NULL","NULL","NULL",
"A1","M1","JMS_MQTT","NULL","USR__TESTCASEID__*","NULL","M1_M2","JMS","NULL","NULL","GRP__TESTCASEID___1","ENDP__TESTCASEID___Topic","NULL","NULL","NULL","NULL","NULL","NULL",
"All","M2","JMS_MQTT","CID__TESTCASEID__*","NULL","GRP__TESTCASEID__*","M2","JMS","NULL","NULL","NULL","ENDP__TESTCASEID___Topi*","NULL","NULL","NULL","NULL","NULL","NULL",
"All","M1","JMS_MQTT","CID__TESTCASEID__*","USR__TESTCASEID___1","NULL","M1","MQTT","NULL","NULL","NULL","ENDP__TESTCASEID___Topi*","NULL","NULL","NULL","NULL","NULL","NULL",
"All","M1","JMS","NULL","USR__TESTCASEID__*","GRP__TESTCASEID___1","M1","JMS_MQTT","NULL","NULL","GRP__TESTCASEID__*","ENDP__TESTCASEID___Topic","NULL","NULL","NULL","NULL","NULL","NULL",
"A1","M2","JMS_MQTT","CID__TESTCASEID__*","NULL","GRP__TESTCASEID___1","M1_M2","JMS_MQTT","CID__TESTCASEID__*","USR__TESTCASEID___1","NULL","ENDP__TESTCASEID___Topic","NULL","NULL","NULL","NULL","NULL","NULL",
"A1","NULL","JMS_MQTT","NULL","NULL","GRP__TESTCASEID__*","NULL","MQTT","CID__TESTCASEID__*","NULL","GRP__TESTCASEID__*","ENDP__TESTCASEID___Topi*","NULL","NULL","NULL","NULL","NULL","NULL",
"All","NULL","MQTT","CID__TESTCASEID__*","USR__TESTCASEID___1","NULL","M2","JMS_MQTT","NULL","NULL","GRP__TESTCASEID___1","ENDP__TESTCASEID___Topic","NULL","NULL","NULL","NULL","NULL","NULL",
"A1","M2","JMS","CID__TESTCASEID__*","USR__TESTCASEID__*","GRP__TESTCASEID___1","NULL","JMS","NULL","USR__TESTCASEID__*","NULL","ENDP__TESTCASEID___Topi*","NULL","NULL","NULL","NULL","NULL","NULL",
"All","M1_M2","MQTT","CID__TESTCASEID__*","USR__TESTCASEID__*","NULL","M2","MQTT","NULL","USR__TESTCASEID___1","GRP__TESTCASEID__*","ENDP__TESTCASEID___Topi*","NULL","NULL","NULL","NULL","NULL","NULL",
"All","M1","JMS","CID__TESTCASEID__*","NULL","GRP__TESTCASEID__*","M1_M2","JMS_MQTT","CID__TESTCASEID__*","NULL","GRP__TESTCASEID__*","ENDP__TESTCASEID___Topic","NULL","NULL","NULL","NULL","NULL","NULL",
"All","M2","MQTT","CID__TESTCASEID__*","USR__TESTCASEID___1","GRP__TESTCASEID__*","NULL","MQTT","CID__TESTCASEID__*","NULL","GRP__TESTCASEID__*","ENDP__TESTCASEID___Topic","NULL","NULL","NULL","NULL","NULL","NULL",
"A1","M1_M2","JMS_MQTT","CID__TESTCASEID__*","NULL","GRP__TESTCASEID__*","M2","JMS","CID__TESTCASEID__*","USR__TESTCASEID__*","GRP__TESTCASEID__*","ENDP__TESTCASEID___Topi*","NULL","NULL","NULL","NULL","NULL","NULL",
"A1","M1","MQTT","NULL","USR__TESTCASEID___1","GRP__TESTCASEID__*","NULL","JMS_MQTT","NULL","NULL","NULL","ENDP__TESTCASEID___Topi*","NULL","NULL","NULL","NULL","NULL","NULL",
"A1","NULL","JMS","NULL","USR__TESTCASEID___1","NULL","NULL","JMS","CID__TESTCASEID__*","NULL","NULL","ENDP__TESTCASEID___Topic","NULL","NULL","NULL","NULL","NULL","NULL",
"All","M1","JMS","NULL","USR__TESTCASEID__*","GRP__TESTCASEID___1","M1","JMS","NULL","USR__TESTCASEID___1","NULL","ENDP__TESTCASEID___Topic","NULL","NULL","NULL","NULL","NULL","NULL",
"A1","M1_M2","JMS","NULL","USR__TESTCASEID__*","NULL","M1","JMS","NULL","NULL","GRP__TESTCASEID___1","ENDP__TESTCASEID___Topic","NULL","NULL","NULL","NULL","NULL","NULL",
"All","M1_M2","JMS_MQTT","NULL","USR__TESTCASEID__*","GRP__TESTCASEID___1","M1","MQTT","NULL","USR__TESTCASEID__*","GRP__TESTCASEID__*","ENDP__TESTCASEID___Topi*","NULL","NULL","NULL","NULL","NULL","NULL",
"All","M2","JMS","NULL","USR__TESTCASEID__*","NULL","NULL","JMS_MQTT","CID__TESTCASEID__*","USR__TESTCASEID__*","GRP__TESTCASEID___1","ENDP__TESTCASEID___Topi*","NULL","NULL","NULL","NULL","NULL","NULL",
"All","NULL","MQTT","NULL","USR__TESTCASEID__*","GRP__TESTCASEID__*","M2","MQTT","CID__TESTCASEID__*","USR__TESTCASEID___1","GRP__TESTCASEID___1","ENDP__TESTCASEID___Topic","NULL","NULL","NULL","NULL","NULL","NULL",
"All","NULL","JMS","CID__TESTCASEID__*","NULL","GRP__TESTCASEID___1","M1","JMS_MQTT","NULL","NULL","GRP__TESTCASEID___1","ENDP__TESTCASEID___Topic","NULL","NULL","NULL","NULL","NULL","NULL",
"A1","NULL","JMS_MQTT","CID__TESTCASEID__*","USR__TESTCASEID__*","NULL","M1_M2","JMS_MQTT","CID__TESTCASEID__*","USR__TESTCASEID___1","NULL","ENDP__TESTCASEID___Topi*","NULL","NULL","NULL","NULL","NULL","NULL",
"A1","NULL","MQTT","CID__TESTCASEID__*","USR__TESTCASEID___1","GRP__TESTCASEID__*","M1","MQTT","NULL","USR__TESTCASEID__*","NULL","ENDP__TESTCASEID___Topi*","NULL","NULL","NULL","NULL","NULL","NULL",
"A1","M2","JMS_MQTT","NULL","NULL","NULL","M2","MQTT","NULL","USR__TESTCASEID___1","GRP__TESTCASEID___1","ENDP__TESTCASEID___Topic","NULL","NULL","NULL","NULL","NULL","NULL",
"A1","M1","JMS","NULL","USR__TESTCASEID___1","GRP__TESTCASEID__*","M1_M2","JMS","CID__TESTCASEID__*","USR__TESTCASEID___1","GRP__TESTCASEID___1","ENDP__TESTCASEID___Topic","NULL","NULL","NULL","NULL","NULL","NULL",
"All","M1_M2","JMS","NULL","NULL","NULL","M2","JMS_MQTT","CID__TESTCASEID__*","NULL","NULL","ENDP__TESTCASEID___Topic","NULL","NULL","NULL","NULL","NULL","NULL",
"A1","M1_M2","MQTT","NULL","USR__TESTCASEID__*","GRP__TESTCASEID___1","M1","MQTT","CID__TESTCASEID__*","USR__TESTCASEID__*","GRP__TESTCASEID___1","ENDP__TESTCASEID___Topic","NULL","NULL","NULL","NULL","NULL","NULL",
"All","NULL","JMS_MQTT","NULL","USR__TESTCASEID___1","NULL","NULL","MQTT","NULL","USR__TESTCASEID___1","GRP__TESTCASEID__*","ENDP__TESTCASEID___Topi*","NULL","NULL","NULL","NULL","NULL","NULL",
"All","M1","JMS_MQTT","NULL","USR__TESTCASEID__*","GRP__TESTCASEID___1","M1_M2","MQTT","CID__TESTCASEID__*","USR__TESTCASEID__*","GRP__TESTCASEID__*","ENDP__TESTCASEID___Topic","NULL","NULL","NULL","NULL","NULL","NULL",
"A1","NULL","JMS_MQTT","NULL","NULL","NULL","M1","JMS_MQTT","NULL","USR__TESTCASEID___1","GRP__TESTCASEID__*","ENDP__TESTCASEID___Topic","NULL","NULL","NULL","NULL","NULL","NULL",
"All","M1_M2","JMS","NULL","NULL","GRP__TESTCASEID__*","NULL","JMS_MQTT","NULL","USR__TESTCASEID__*","GRP__TESTCASEID__*","ENDP__TESTCASEID___Topic","NULL","NULL","NULL","NULL","NULL","NULL",
"All","NULL","MQTT","NULL","NULL","GRP__TESTCASEID___1","M2","MQTT","NULL","USR__TESTCASEID__*","NULL","ENDP__TESTCASEID___Topic","NULL","NULL","NULL","NULL","NULL","NULL",
"A1","M1","MQTT","CID__TESTCASEID__*","USR__TESTCASEID__*","GRP__TESTCASEID___1","NULL","MQTT","CID__TESTCASEID__*","NULL","GRP__TESTCASEID___1","ENDP__TESTCASEID___Topi*","NULL","NULL","NULL","NULL","NULL","NULL",
"A1","M2","MQTT","NULL","USR__TESTCASEID___1","GRP__TESTCASEID___1","M1_M2","MQTT","NULL","USR__TESTCASEID___1","NULL","ENDP__TESTCASEID___Topi*","NULL","NULL","NULL","NULL","NULL","NULL",
"A1","M1_M2","MQTT","NULL","NULL","GRP__TESTCASEID___1","NULL","JMS_MQTT","CID__TESTCASEID__*","USR__TESTCASEID___1","GRP__TESTCASEID___1","ENDP__TESTCASEID___Topic","NULL","NULL","NULL","NULL","NULL","NULL",
"A1","M2","MQTT","NULL","USR__TESTCASEID___1","NULL","M1_M2","JMS_MQTT","CID__TESTCASEID__*","NULL","NULL","ENDP__TESTCASEID___Topi*","NULL","NULL","NULL","NULL","NULL","NULL",
"A1","M1_M2","JMS","CID__TESTCASEID__*","USR__TESTCASEID___1","GRP__TESTCASEID__*","M2","JMS_MQTT","CID__TESTCASEID__*","USR__TESTCASEID___1","GRP__TESTCASEID__*","ENDP__TESTCASEID___Topic","NULL","NULL","NULL","NULL","NULL","NULL",
"All","M1_M2","JMS_MQTT","NULL","USR__TESTCASEID___1","GRP__TESTCASEID__*","M1","JMS","CID__TESTCASEID__*","USR__TESTCASEID___1","NULL","ENDP__TESTCASEID___Topic","NULL","NULL","NULL","NULL","NULL","NULL",
"A1","M1","JMS_MQTT","CID__TESTCASEID__*","NULL","GRP__TESTCASEID__*","M1","JMS","CID__TESTCASEID__*","USR__TESTCASEID___1","GRP__TESTCASEID__*","ENDP__TESTCASEID___Topic","NULL","NULL","NULL","NULL","NULL","NULL",
"A1","M2","JMS","NULL","USR__TESTCASEID__*","GRP__TESTCASEID__*","M1_M2","JMS","CID__TESTCASEID__*","USR__TESTCASEID__*","GRP__TESTCASEID___1","ENDP__TESTCASEID___Topi*","NULL","NULL","NULL","NULL","NULL","NULL",
"A1","NULL","JMS","NULL","USR__TESTCASEID__*","GRP__TESTCASEID__*","M1_M2","JMS","NULL","NULL","GRP__TESTCASEID___1","ENDP__TESTCASEID___Topi*","NULL","NULL","NULL","NULL","NULL","NULL",
"All","M1","MQTT","NULL","USR__TESTCASEID___1","GRP__TESTCASEID___1","M1","JMS_MQTT","NULL","USR__TESTCASEID__*","GRP__TESTCASEID__*","ENDP__TESTCASEID___Topic","NULL","NULL","NULL","NULL","NULL","NULL",
"A1","M2","JMS_MQTT","CID__TESTCASEID__*","USR__TESTCASEID__*","GRP__TESTCASEID___1","M2","JMS","NULL","NULL","GRP__TESTCASEID___1","ENDP__TESTCASEID___Topic","NULL","NULL","NULL","NULL","NULL","NULL",
"All","NULL","JMS_MQTT","CID__TESTCASEID__*","USR__TESTCASEID__*","NULL","M2","JMS","CID__TESTCASEID__*","USR__TESTCASEID__*","NULL","ENDP__TESTCASEID___Topi*","NULL","NULL","NULL","NULL","NULL","NULL",
"A1","M1","MQTT","CID__TESTCASEID__*","NULL","GRP__TESTCASEID__*","M1_M2","MQTT","NULL","USR__TESTCASEID___1","GRP__TESTCASEID__*","ENDP__TESTCASEID___Topi*","NULL","NULL","NULL","NULL","NULL","NULL",
"All","M1","JMS_MQTT","CID__TESTCASEID__*","NULL","GRP__TESTCASEID___1","NULL","JMS","CID__TESTCASEID__*","USR__TESTCASEID__*","GRP__TESTCASEID___1","ENDP__TESTCASEID___Topi*","NULL","NULL","NULL","NULL","NULL","NULL",
"All","NULL","JMS_MQTT","CID__TESTCASEID__*","USR__TESTCASEID__*","GRP__TESTCASEID__*","NULL","JMS","CID__TESTCASEID__*","USR__TESTCASEID___1","GRP__TESTCASEID__*","ENDP__TESTCASEID___Topic","NULL","NULL","NULL","NULL","NULL","NULL",
"A1","M2","JMS","CID__TESTCASEID__*","NULL","NULL","M1_M2","JMS","NULL","NULL","GRP__TESTCASEID__*","ENDP__TESTCASEID___Topic","NULL","NULL","NULL","NULL","NULL","NULL",
"A1","M1_M2","MQTT","CID__TESTCASEID__*","USR__TESTCASEID___1","GRP__TESTCASEID___1","M2","MQTT","NULL","USR__TESTCASEID__*","GRP__TESTCASEID___1","ENDP__TESTCASEID___Topi*","NULL","NULL","NULL","NULL","NULL","NULL",
"A1","M1_M2","MQTT","CID__TESTCASEID__*","NULL","NULL","NULL","MQTT","NULL","USR__TESTCASEID__*","GRP__TESTCASEID___1","ENDP__TESTCASEID___Topi*","NULL","NULL","NULL","NULL","NULL","NULL",
